date_found,company,job_title,role_family,level,location,remote_policy,source,job_url,posted_date,priority,status,resume_variant,skip_reason,blocker,next_action,notes,cohort_match_status,current_stage
2026-08-30,Workiva,Summer 2027 Intern - Machine Learning Engineering,Data Science / ML,Intern,"USA - Remote",Remote,Official company careers,https://workiva.wd503.myworkdayjobs.com/en-US/careers/job/Summer-2027-Intern---Machine-Learning-Engineering_R12194-1,2026-08-28,High,Pending,my-materials/original_CV/CV_Yuankai_Tao.pdf,,,Review sponsorship policy and Spring-versus-Summer availability before selecting,"R12194; pursuing bachelor's degree or higher accepted; Python/ML/data lifecycle align strongly; closes 2026-10-02; official posting does not state sponsorship policy",Yes,
2026-08-30,Kodiak Robotics,"Winter 2027 Intern, Artificial Intelligence/Machine Learning",Data Science / ML,Intern,"Mountain View, CA",Onsite,Official company careers,https://job-boards.greenhouse.io/kodiak/jobs/4377407009,2026-08-24,High,Pending,my-materials/original_CV/CV_Yuankai_Tao.pdf,,,Review Winter 2027 availability and computer-vision depth before selecting,"MS/PhD accepted; Python and production ML pipeline fit; Argoverse project is relevant; role emphasizes CV/robotics; posting says visa sponsorship may be available for eligible candidates",Yes,
2026-08-30,NVIDIA,NVIDIA 2027 Internships: Deep Learning,Data Science / ML,Intern,"Santa Clara, CA",Not stated,Official company careers,https://nvidia.wd5.myworkdayjobs.com/en-US/NVIDIAExternalCareerSite/job/NVIDIA-2027-Internships--Deep-Learning_JR2023497-1,2026-08-20,Low,Skipped,my-materials/original_CV/CV_Yuankai_Tao.pdf,"User excludes Deep Learning-focused roles; posting may also require C++ for some teams",,No action under current rules,"JR2023497; reclassified from Pending after user updated must-skip rules on 2026-08-30",Yes,
2026-08-30,Boeing,Boeing Summer 2027 Internship Program - Data Analytics Intern,Data Engineering / Analytics,Intern,"Multiple US locations",Virtual/hybrid/onsite varies,Official company careers,https://boeing.wd1.myworkdayjobs.com/en-US/INTERN/job/Boeing-Summer-2027-Internship-Program--Paid----Data-Analytics-Intern_JR2026520976,2026-08-07,Medium,Skipped,my-materials/original_CV/CV_Yuankai_Tao.pdf,Employer will not sponsor applicants for employment visa status,,No action unless sponsorship policy changes,"JR2026520976; graduation on or after Aug 2027 fits; data/ML background fits; some placements also require US Person export-control status",Yes,
2026-08-30,The Nuclear Company,Spring 2027 AI/ML Engineering Intern,Data Science / ML,Intern,"Washington, DC",Onsite five days,Official company careers,https://job-boards.greenhouse.io/thenuclearcompany/jobs/5383212008,Not stated - new,Low,Skipped,my-materials/original_CV/CV_Yuankai_Tao.pdf,"Requires current BS enrollment and U.S. Person status; no visa sponsorship",,No action,"Six-month Jan-Jun 2027 co-op; technical content fits Python/ML/data pipelines but candidate is an MS student and future sponsorship is required",No,
2026-09-12,NXP Semiconductors,Data Analytics Engineer Intern - Summer 2027,Data Science / Data Engineering,Intern,"Austin, TX",Onsite,Official company careers,https://nxp.wd3.myworkdayjobs.com/en-US/careers/job/Data-Analytics-Engineer-Intern---Summer-2027_R-10065538,2026-09-10,High,Needs User,my-materials/Data/CV_Yuankai_Tao_Data.pdf,,Browser automation unavailable,Open or connect a supported browser and resume the NXP application,"R-10065538; BS/MS accepted; returning to school or graduating at internship conclusion; Python SQL Excel and Power BI are pluses; strong analytics automation fit; closes 2026-10-02; 2026-09-13 attempt did not transmit data because no browser surface was available",Yes,
2026-09-12,AIG,"2027 Early Careers: Summer Intern, Underwriting - United States, Multiple Locations",Risk Analytics / Quantitative Risk,Intern,"Multiple US locations including Atlanta",In person at least four days,Official company careers,https://aig.wd1.myworkdayjobs.com/en-US/early_careers/job/XMLNAME-2027-Early-Careers--Summer-Intern--Underwriting---United-States--Multiple-Locations_JR2603618,2026-09-05,Medium,Pending,my-materials/Risk/CV_Yuankai_Tao_Risk.pdf,,,Review insurance-underwriting interest and sponsorship wording before selecting,"JR2603618; bachelor's or master's by June 2028 accepted; June 7-August 6 2027; risk evaluation financial information exposure data and portfolio analysis; less quantitative than primary risk target",Yes,
2026-09-12,Equifax,Data Analytics Intern,Data Science / Data Engineering,Intern,"Alpharetta, GA",Four days office plus Friday flexibility,Official company careers,https://careers.equifax.com/en/jobs/j00178975/data-analytics-intern/,2026-09-08,Medium,Skipped,my-materials/Data/CV_Yuankai_Tao_Data.pdf,Posting explicitly requires a May 2028 graduation date,,No action unless Equifax confirms other graduation dates are eligible,"J00178975; technical fit is strong in SQL Python BigQuery and large datasets but confirmed Georgia Tech completion is Dec 2027 rather than May 2028",No,
2026-09-12,RSM,Financial Services Risk Consulting Intern - Summer 2027,Risk Analytics / Quantitative Risk,Intern,"New York, NY",Not stated,Official company careers,https://rsm.wd1.myworkdayjobs.com/en-US/RSMCareers/job/Financial-Services-Risk-Consulting-Intern---Summer-2027_JR116439,2026-09-10,Low,Skipped,my-materials/Risk/CV_Yuankai_Tao_Risk.pdf,Program requirement is working toward a BA or BS; candidate is currently pursuing an MS,,No action,"JR116439; financial-services risk exposure is relevant but the stated undergraduate program eligibility does not match current degree level",No,
2026-09-12,Armanino,Summer 2027 Risk Advisory Intern,Risk Analytics / Quantitative Risk,Intern,"St. Louis, MO",Not stated,Official company careers,https://armaninollp.wd1.myworkdayjobs.com/en-US/Armanino/job/Summer-2027-Risk-Advisory-Intern_JR104276,2026-09-08,Low,Skipped,my-materials/BA/CV_Yuankai_Tao_BA.pdf,"Requires authorization without employer sponsorship now or at any time in the future; also requires a business program emphasizing accounting",,No action,"JR104276; SOC IT controls SOX and internal-audit work is adjacent to prior EY experience but conflicts with future sponsorship and degree emphasis",No,
2026-09-16,Susquehanna International Group,Quantitative Research Internship - Master's: Summer 2027,Quantitative Research / Trading,Intern,"New York, NY",Onsite,Official company careers; freshness corroborated by eFinancialCareers,https://careers.sig.com/quant-internships/jobs/10820?lang=en-us,2026-09-12,High,Skipped,my-materials/Quant/CV_Yuankai_Tao_Quant.pdf,Company appears in submitted-lists,,No action - company excluded by submitted list,"Master's-track role; statistical inference optimization forecasting and large-scale data analysis closely match the primary Quant direction; official page did not expose a calendar posting date and the relative date was translated from the corroborating listing; reclassified 2026-09-30 because the user-provided submitted list shows a prior application through another channel",Yes,
2026-09-16,IMC Trading,Quantitative Research Intern (BS/MS) - Summer 2027,Quantitative Research / Trading,Intern,"Chicago, IL",Onsite,Official company careers; freshness corroborated by LinkedIn,https://job-boards.greenhouse.io/imc/jobs/4907399101,2026-09-11,High,Skipped,my-materials/Quant/CV_Yuankai_Tao_Quant.pdf,Company appears in submitted-lists,,No action - company excluded by submitted list,"Graduation window Sep 2027-Jul 2028 includes Dec 2027; Python C or C++ is highly desired rather than a stated minimum requirement; relative repost date translated from LinkedIn because the official page omits a posting date; reclassified 2026-09-30 because the user-provided submitted list shows a prior application through another channel",Yes,
2026-09-16,Schonfeld,2027 PhD Quantitative Research Intern,Quantitative Research / Trading,Intern,"New York, NY",Onsite,Official company careers; freshness corroborated by LinkedIn,https://job-boards.greenhouse.io/schonfeld/jobs/8172074,2026-09-11,Low,Skipped,my-materials/Quant/CV_Yuankai_Tao_Quant.pdf,Role explicitly requires a current PhD student,,No action,"Excellent functional alignment but PhD-only eligibility conflicts with the candidate's MS program; relative posting date translated from LinkedIn",No,
2026-09-16,Optiver,"Quantitative Research Intern, PhD (Summer 2027)",Quantitative Research / Trading,Intern,"Chicago, IL; Austin, TX",Onsite,Official company careers; freshness corroborated by LinkedIn,https://prod-www.optiver.com/join-us/jobs/quantitative-research-and-machine-learning/chicago/quantitative-research-intern-phd-summer-2027/,2026-09-11,Low,Skipped,my-materials/Quant/CV_Yuankai_Tao_Quant.pdf,"Role explicitly requires current PhD enrollment and includes deep learning among its research techniques",,No action,"Sponsorship is supported and Dec 2027 graduation is in range but the PhD-only and Deep Learning rules control; relative posting date translated from LinkedIn",No,
2026-09-16,Lawrence Livermore National Laboratory,Data Science Institute Graduate Student Intern - Summer 2027,Data Science / Data Engineering,Intern,"Livermore, CA",Onsite,Official company careers,https://www.llnl.gov/join-our-team/careers/find-your-job/all/Nuclear/3743990015289146,2026-09-15,Medium,Pending,my-materials/Data/CV_Yuankai_Tao_Data.pdf,,,Verify NDAA access eligibility and project area before selecting,"REF8831S; graduate enrollment through Fall 2027 and GPA 3.0+ required; statistics numerical methods and computational research fit; no security clearance and page states citizenship is not generally required but NDAA Section 3112 restrictions may apply",Yes,
2026-09-16,Capital One,Data Analyst Intern - Summer 2027,Data Science / Data Engineering,Intern,"McLean, VA; Richmond, VA",Hybrid,Official company careers,https://capitalone.wd12.myworkdayjobs.com/en-US/Capital_One/job/Data-Analyst-Intern---Summer-2027_R244317-1,2026-09-16,Low,Skipped,my-materials/Data/CV_Yuankai_Tao_Data.pdf,"Posting explicitly excludes immigration support including F-1 CPT OPT and STEM OPT",,No action,"R244317-1; strong analytical and business-strategy fit but work-authorization wording directly conflicts with the candidate's CPT and future sponsorship needs",Yes,
2026-09-16,Stryker,Summer 2027 Internship - Data Analytics - Customer One - Illinois,Data Science / Data Engineering,Intern,"Cary, IL",Onsite,Official company careers,https://stryker.wd1.myworkdayjobs.com/en-US/StrykerCareers/job/Customer-One-Intern--Data-Analyst----Cary--IL_R572734,2026-09-16,Medium,Pending,my-materials/Data/CV_Yuankai_Tao_Data.pdf,,,Review full qualifications and sponsorship wording before selecting,"R572734; data analytics process documentation and stakeholder presentation align with the Data resume; official result showed Posted Today",Unknown,
2026-09-16,Tokio Marine HCC,Data Engineering Intern - Summer 2027,Data Science / Data Engineering,Intern,"Houston, TX",Hybrid four days in office,Company listing mirrored by Built In,https://builtin.com/job/data-engineering-intern-summer-2027/11172271,2026-09-15,Medium,Pending,my-materials/Data/CV_Yuankai_Tao_Data.pdf,,,Locate and verify the official company posting and sponsorship language before selecting,"Data and AI engineering work includes Python APIs data integration testing and CI/CD; degree and GPA requirements appear compatible; no C++ or Java minimum found",Yes,
2026-09-16,Intuit,Summer 2027: MS Fraud & Risk Intern,Risk Analytics / Quantitative Risk,Intern,"Mountain View, CA; New York, NY",Hybrid,Official company careers,https://jobs.intuit.com/en/job/mountain-view/summer-2027-ms-fraud-and-risk-intern/27595/100620927744,Not stated - discovered 2026-09-15,High,Pending,my-materials/Risk/CV_Yuankai_Tao_Risk.pdf,,,Verify sponsorship policy before selecting,"Job ID 24074; SQL Python Tableau fraud analytics risk policy and data-quality work strongly match the primary Risk direction; MS preferred and graduation after the internship is required",Yes,
2026-09-16,National Life Group,Capital Management Intern - Summer 2027,Risk Analytics / Quantitative Risk,Intern,"Addison, TX; Montpelier, VT",Onsite four days,Official company careers,https://job-boards.greenhouse.io/nationallifeinsurancecompany/jobs/4403719009,2026-09-15,Low,Skipped,my-materials/Risk/CV_Yuankai_Tao_Risk.pdf,Posting explicitly states that visa sponsorship is not offered,,No action,"Risk-based capital modeling SQL Tableau Alteryx and financial analysis are strong functional matches but future sponsorship is required",Yes,
2026-09-16,Coinbase,Analytics Engineer Intern,Data Science / Data Engineering,Intern,"San Francisco, CA",Hybrid,Official company careers; posting date corroborated by Horizon Career,https://www.coinbase.com/careers/positions/8175471,2026-09-15,High,Pending,my-materials/Data/CV_Yuankai_Tao_Data.pdf,,,Rank against the other Coinbase roles and select no more than three before applying,"P78159; Summer 2027; dimensional modeling SQL pipelines dashboards and Python align strongly; Coinbase limits candidates to three applications in a six-month period; sponsorship wording not stated",Yes,
2026-09-16,Coinbase,Data Science Intern,Data Science / Data Engineering,Intern,"San Francisco, CA",Hybrid,Official company careers; posting date corroborated by internship tracker,https://www.coinbase.com/careers/positions/8175462,2026-09-15,High,Pending,my-materials/Data/CV_Yuankai_Tao_Data.pdf,,,Rank against the other Coinbase roles and select no more than three before applying,"P78149; Summer 2027; statistical modeling SQL Python experimentation causal inference and analytical pipelines are a strong match; sponsorship wording not stated",Yes,
2026-09-16,Coinbase,Data Engineer Intern,Data Science / Data Engineering,Intern,"San Francisco, CA",Hybrid,Official company careers; posting date corroborated by internship tracker,https://www.coinbase.com/careers/positions/8175459,2026-09-15,High,Pending,my-materials/Data/CV_Yuankai_Tao_Data.pdf,,,Rank against the other Coinbase roles and select no more than three before applying,"P78146; Summer 2027; Python SQL cloud data pipelines APIs and data quality match the Data resume; no required C++ or Java found; sponsorship wording not stated",Yes,
2026-09-16,Coinbase,Payment Risk Intern,Risk Analytics / Quantitative Risk,Intern,"New York, NY",Hybrid,Official company careers; posting date corroborated by internship tracker,https://www.coinbase.com/careers/positions/8175447,2026-09-15,High,Pending,my-materials/Risk/CV_Yuankai_Tao_Risk.pdf,,,Rank against the other Coinbase roles and select no more than three before applying,"P78082; Summer 2027; SQL dashboards fraud signals anomaly detection control evaluation and risk recommendations closely match the primary Risk direction; sponsorship wording not stated",Yes,
2026-09-16,Coinbase,Credit Risk Intern,Risk Analytics / Quantitative Risk,Intern,"New York, NY",Hybrid,Official company careers; posting date corroborated by internship tracker,https://www.coinbase.com/careers/positions/8175369,2026-09-15,High,Pending,my-materials/Risk/CV_Yuankai_Tao_Risk.pdf,,,Rank against the other Coinbase roles and select no more than three before applying,"P78077; Summer 2027; Dec 2027-or-later graduation requirement matches exactly; counterparty underwriting portfolio monitoring volatility liquidity and scenario analysis fit the primary Risk direction; sponsorship wording not stated",Yes,
2026-09-16,Coinbase,People Analytics Intern,Data Science / Data Analytics,Intern,"New York, NY",Hybrid,Official company careers; posting date corroborated by internship tracker,https://www.coinbase.com/careers/positions/8175517,2026-09-15,Medium,Pending,my-materials/BA/CV_Yuankai_Tao_BA.pdf,,,Rank against the other Coinbase roles and select no more than three before applying,"P78055; Summer 2027; spreadsheet analytics dashboards anomaly detection workflow automation and executive communication fit the BA route; SQL is only a plus; sponsorship wording not stated",Yes,
2026-09-16,Figma,Data Science Intern (2027),Data Science / Data Engineering,Intern,"San Francisco, CA; New York, NY",Onsite hub,Official company Greenhouse; posting date corroborated by current internship tracker,https://job-boards.greenhouse.io/figma/jobs/6178857004?gh_jid=6178857004,2026-09-14,High,Pending,my-materials/Data/CV_Yuankai_Tao_Data.pdf,,,Verify student eligibility and sponsorship wording before selecting,"Python SQL statistical methods experimentation KPI research predictive models and scalable data pipelines align strongly; posting is not PhD-only and does not list C++ or Java; sponsorship wording not stated",Unknown,
2026-09-16,Google,"Data Scientist, Product Intern, MS, Summer 2027",Data Science / Data Analytics,Intern,"Multiple US locations including Atlanta",Onsite,Google Careers listing corroborated by Indeed and university career portal,https://www.google.com/about/careers/applications/jobs/results/?q=Data%20Scientist%2C%20Product%20Intern%2C%20MS%2C%20Summer%202027,2026-09-15,High,Pending,my-materials/Data/CV_Yuankai_Tao_Data.pdf,,,Confirm that Dec 2027 satisfies the penultimate-year wording and verify the direct requisition URL,"MS quantitative discipline required; SQL statistics product questions and business recommendations align strongly; application deadline Oct 9 2026; third-party listing reports sponsorship available but this must be confirmed on the official requisition",Likely,
2026-09-16,Enact / Genworth,Data Science Intern,Data Science / Data Engineering,Intern,"Raleigh, NC",Hybrid,Company posting mirrored by Built In and InsurancePond,https://builtin.com/job/data-science-intern/11163638,2026-09-15,High,Pending,my-materials/Data/CV_Yuankai_Tao_Data.pdf,,,Locate the official company requisition and confirm graduation eligibility before selecting,"Summer 2027; Master's or PhD students accepted; Python SQL predictive and prescriptive modeling forecasting and model governance fit; mirror reports the role is eligible for employment visa sponsorship",Yes,
2026-09-16,Enact / Genworth,Commercial Analytics and Optimization Team Intern,Data Science / Data Analytics,Intern,"Raleigh, NC",Hybrid,Company posting mirrored by Built In and InsurancePond,https://builtin.com/job/commercial-analytics-and-optimization-team-intern/11163538,2026-09-15,High,Pending,my-materials/Data/CV_Yuankai_Tao_Data.pdf,,,Locate the official company requisition before selecting,"Summer 2027; Tableau SQL Python forecasting optimization predictive modeling and cross-functional risk analytics align strongly; posting mirror explicitly states employment visa sponsorship eligibility",Yes,
2026-09-28,Belvedere Trading,Quantitative Trading Intern - Summer 2027,Quantitative Research / Trading,Intern,"Chicago, IL",Onsite,Official company Lever,https://jobs.lever.co/belvederetrading/cbde47db-c60b-4339-a8f4-a8e4f30505ab,"Not stated - verified live 2026-09-28",High,Skipped,my-materials/Quant/CV_Yuankai_Tao_Quant.pdf,Company appears in submitted-lists,,No action - company excluded by submitted list,"Graduation requirement December 2027 or Spring 2028 matches; quantitative research trading and data analysis fit; C++ C# and Python are learnable examples rather than stated hard requirements; official posting explicitly says Sponsorship: Yes; reclassified 2026-09-30 because the user-provided submitted list shows a prior application through another channel",Yes,
2026-09-28,AXQ Capital,Quantitative Research Intern - Summer 2027,Quantitative Research / Trading,Intern,"New York, NY",Onsite,Official company Greenhouse,https://job-boards.greenhouse.io/axq/jobs/6181069004,"Not stated - verified live 2026-09-28",High,Pending,my-materials/Quant/CV_Yuankai_Tao_Quant.pdf,,,Verify sponsorship policy before selecting,"Targets 2027 or 2028 graduates; probability statistics time-series machine learning Python portfolio construction and optimization align strongly; no required C++ Java or PhD status found",Yes,
2026-09-28,DRW,Quantitative Research Intern,Quantitative Research / Trading,Intern,"Chicago, IL; New York, NY",Onsite,Official company careers,https://www.drw.com/work-at-drw/listings/quantitative-research-intern-3413670,"Not stated - verified live 2026-09-28",High,Pending,my-materials/Quant/CV_Yuankai_Tao_Quant.pdf,,,Verify sponsorship policy before selecting,"Summer 2027; BS MS or PhD candidates graduating December 2027 through August 2028; Python statistics stochastic methods simulation backtesting and optimization align strongly; no required C++ or Java found",Yes,
2026-09-28,Aquatic Capital Management,"Quantitative Researcher, Intern (Summer 2027)",Quantitative Research / Trading,Intern,"Chicago, IL",Onsite,Official company Greenhouse,https://job-boards.greenhouse.io/aquaticcapitalmanagement/jobs/8489186002,"Not stated - verified live 2026-09-28",High,Pending,my-materials/Quant/CV_Yuankai_Tao_Quant.pdf,,,Verify sponsorship policy and required GitHub public SSH-key request before selecting,"Accepts BS MS or PhD students graduating Fall 2027 through Summer 2028; Python quantitative analysis statistical research and trading-signal work fit; application asks sponsorship status but states no exclusion; GitHub username and public SSH key are required only if later entering the process",Yes,
2026-09-28,PIMCO,"2027 Summer Intern - Masters Quant Research Analyst, Client Solutions & Analytics, US",Quantitative Research / Trading,Intern,"Newport Beach, CA",Onsite,Official company Workday; AEA JOE corroboration,https://pimco.wd1.myworkdayjobs.com/en-US/pimco-careers/job/XMLNAME-2027-Summer-Intern---Masters-Quant-Research-Analyst--Client-Solutions---Analytics--US_R106816?locationCountry=bc33aa3152ec42d4995f4791a106ed09&workerSubType=6e192a3f175201c5a610087a5209cf10,2026-09-24,High,Skipped,my-materials/Quant/CV_Yuankai_Tao_Quant.pdf,Company appears in submitted-lists,,No action - company excluded by submitted list,"Quantitative master's eligibility fits; enrolled in Fall 2027 and January-August 2028 full-time start window align with Dec 2027 graduation; portfolio theory asset pricing time series data science ML optimization and Python are strong evidence matches; deadline 2026-11-14; reclassified 2026-09-30 because the user-provided submitted list shows a prior application through another channel",Yes,
2026-09-28,Perpay,"Data Science Internship, Summer 2027",Risk Analytics / Quantitative Risk,Intern,"Philadelphia, PA",Onsite,Official company Greenhouse,https://job-boards.greenhouse.io/perpay/jobs/4076978007,"Not stated - verified live 2026-09-28",High,Pending,my-materials/Risk/CV_Yuankai_Tao_Risk.pdf,,,Verify sponsorship policy and review AI-targeted JD instruction with the user before selecting,"Master's graduation window winter 2027 through summer 2028 matches; credit decisioning loss forecasting experimentation Python SQL and statistical modeling align strongly with Risk; posting contains an instruction addressed to AI applicants and it must not be followed automatically",Yes,
2026-09-28,New York ISO,Intern - Market Design,Operations Research / Optimization,Intern,"Albany, NY",Hybrid,Official company Greenhouse,https://job-boards.greenhouse.io/nyisointernships/jobs/5236095007,"Not stated - verified live 2026-09-28",High,Pending,my-materials/Quant/CV_Yuankai_Tao_Quant.pdf,,,Confirm internship-date availability and sponsorship policy before selecting,"May 17-August 6 2027; accepts Master's students in Operations Research and related fields; optimization mathematical modeling quantitative analysis Python R MATLAB GAMS or SQL fit; application asks sponsorship status but states no automatic exclusion",Yes,
2026-09-28,NXP Semiconductors,Data Science / Structured Problem Solving Intern - Summer 2027,Operations Research / Optimization,Intern,"Austin, TX",Onsite,Official company Workday,https://nxp.wd3.myworkdayjobs.com/en-US/careers/job/Data-Science---Structured-Problem-Solving-Intern---Summer-2027_R-10065037,"Official page showed Posted 11 Days Ago when indexed",Medium,Pending,my-materials/Quant/CV_Yuankai_Tao_Quant.pdf,,,Verify sponsorship policy before selecting,"Advanced-degree Applied Mathematics eligibility fits; structured problem solving statistics data science Six Sigma quality optimization and R or Python align; returning-to-school rule matches Dec 2027 graduation; deadline 2026-10-02",Yes,
2026-09-28,Momentive,Summer 2027 Intern - Enterprise Reporting & Analytics - Data Science,Data Science / Data Engineering,Intern,"Niskayuna, NY",Onsite,Official company Workday,https://momentive.wd1.myworkdayjobs.com/MC/job/US-NY-Niskayuna/Summer-2027-Intern---Enterprise-Reporting---Analytics---Data-Science_R9807-1,"Official page showed Posted 18 Days Ago when indexed",High,Pending,my-materials/Data/CV_Yuankai_Tao_Data.pdf,,,Verify sponsorship policy before selecting,"Bachelor's or Master's candidates accepted and one post-internship semester is required; Python SQL Snowflake Tableau EDA predictive modeling and ML align strongly; no required C++ Java or PhD status found",Yes,
2026-09-28,Meijer,Data Science Intern - Summer 2027,Data Science / Data Engineering,Intern,"Grand Rapids, MI",Hybrid,Official company Workday,https://meijer.wd5.myworkdayjobs.com/en-US/Meijer/job/Grand-Rapids-MI/Data-Science-Intern---Summer-2027_R000699579,"Official page showed Posted 12 Days Ago when indexed",Medium,Pending,my-materials/Data/CV_Yuankai_Tao_Data.pdf,,,Verify graduation eligibility and sponsorship policy before selecting,"Bachelor's or Master's quantitative-degree candidates accepted; SQL Python R Databricks statistical modeling ML Tableau and Power BI align; graduation window is not stated on the public posting and needs confirmation",Unknown,
2026-10-05,BlackRock,2027 Quantitative Masters Internship Program - Investments - Quantitative Investing - New York,Quantitative Research / Trading,Intern,"New York, NY",Onsite,Official company careers,https://careers.blackrock.com/job/new-york/2027-quantitative-masters-internship-program-investments-quantitative-investing-new-york/45831/100661849824,2026-09-16,High,Pending,my-materials/Quant/CV_Yuankai_Tao_Quant.pdf,,,Review together with the Analytics and Modeling function; BlackRock permits one program application with up to two functions,"Quantitative master's graduation window Sep 2027-Jul 2028 includes Dec 2027; Python statistical modeling algorithms and large-data work align; verify future-sponsorship wording before applying",Yes,
2026-10-05,BlackRock,2027 Quantitative Masters Internship Program - Technology - Analytics & Modeling - San Francisco,Risk Analytics / Quantitative Risk,Intern,"San Francisco, CA",Onsite,Official company careers,https://careers.blackrock.com/en/job/san-francisco/2027-quantitative-masters-internship-program-technology-analytics-and-modeling-san-francisco/45831/100661849584,2026-09-16,High,Pending,my-materials/Risk/CV_Yuankai_Tao_Risk.pdf,,,Treat as the second selectable BlackRock function rather than an independent unlimited application,"Aladdin Financial Engineering covers fixed-income equity derivative and alternative-investment risk; the master's graduation window Sep 2027-Jul 2028 includes Dec 2027; verify future-sponsorship wording before applying",Yes,
2026-10-05,Anthelion Capital,Quant Developer / Quant Research Intern - 2026/2027,Quantitative Research / Trading,Intern,"New York, NY",Onsite,Official company Ashby,https://jobs.ashbyhq.com/anthelioncap/5e2ea37b-2369-474e-b717-c24c60976e96,"Not stated - verified live 2026-10-05",High,Pending,my-materials/Quant/CV_Yuankai_Tao_Quant.pdf,,,Keep as a top quantitative-research option and confirm CPT acceptance before applying,"Accepts master's students graduating Dec 2026-Summer 2028 and US work authorization or OPT; factor and risk models validation backtesting simulation feature stores and portfolio optimization align; Python is required while C++ is only a plus",Yes,
2026-10-05,The D. E. Shaw Group,Quantitative Analyst Intern (New York) - Summer 2027,Quantitative Research / Trading,Intern,"New York, NY",Onsite,Official company careers,https://www.deshaw.com/careers/quantitative-analyst-intern-new-york-summer-2027-5890,"Not stated - verified live 2026-10-05",High,Pending,my-materials/Quant/CV_Yuankai_Tao_Quant.pdf,,,Verify degree window and sponsorship policy before applying,"Twelve-week quantitative role applies statistical modeling and software to financial data with mentoring in quantitative-research groups; public posting did not state the degree window or sponsorship rule",Unknown,
2026-10-05,Robinhood,Brokerage Risk Analyst Intern (Summer 2027),Risk Analytics / Quantitative Risk,Intern,"Chicago, IL","Hybrid; in-person at least 3 days per week",Official company careers,https://careers.robinhood.com/?gh_jid=722381,"Not stated - verified live 2026-10-05",High,Pending,my-materials/Risk/CV_Yuankai_Tao_Risk.pdf,,,Prioritize as a practical Risk-resume application and verify sponsorship policy,"Requires a Bachelor's or Master's degree with expected graduation Winter 2027-Summer 2028 which includes Dec 2027; SQL Python controls risk alerts dashboards and brokerage-data analysis align strongly",Yes,
2026-10-05,Robinhood,Data Science Intern (Summer 2027),Data Science / Data Engineering,Intern,"Menlo Park, CA","Office-based; remote not specified",Official company careers,https://careers.robinhood.com/?hsLang=en,"Not stated - verified live 2026-10-05",Medium,Pending,my-materials/Data/CV_Yuankai_Tao_Data.pdf,,,Verify degree window sponsorship policy and direct requisition URL before applying,"Official careers page lists an active 2027 data-science internship; Python SQL machine learning and large-scale data-engineering experience are relevant; detailed eligibility was not exposed on the listing",Unknown,
2026-10-05,Robinhood,"Investment Analyst Intern, Robinhood Ventures (Summer 2027)",Quantitative Research / Trading,Intern,"Menlo Park, CA","Office-based; remote not specified",Official company careers,https://careers.robinhood.com/?hsLang=en,"Not stated - verified live 2026-10-05",Medium,Pending,my-materials/Quant/CV_Yuankai_Tao_Quant.pdf,,,Review after the more direct Robinhood risk and data roles; verify the direct requisition URL,"Official careers page lists this active investment-analyst internship; quantitative finance modeling market-data and investment-analysis experience support review; detailed eligibility was not exposed on the listing",Unknown,
2026-10-05,Robinhood,Business Analyst Intern (Summer 2027),Business / Data Analytics,Intern,"Washington, DC","Office-based; remote not specified",Official company careers,https://careers.robinhood.com/?hsLang=en,"Not stated - verified live 2026-10-05",Medium,Pending,my-materials/BA/CV_Yuankai_Tao_BA.pdf,,,Keep as a secondary analytics alternative and verify the direct requisition URL,"Official careers page lists this active internship; SQL Python dashboarding KPI reporting and financial-analysis experience are relevant; detailed eligibility was not exposed on the listing",Unknown,
2026-10-06,Intuit,Summer 2027: Finance Transformation & Analytics Intern,Data Science / Data Engineering,Intern,"Mountain View, CA","On-site or hybrid; confirm with recruiter",Official company careers,https://jobs.intuit.com/en/job/mountain-view/summer-2027-finance-transformation-and-analytics-intern/27595/101444103184,"Not stated - verified live 2026-10-06",High,Pending,my-materials/Data/CV_Yuankai_Tao_Data.pdf,,,Verify experience requirements CPT and future sponsorship before applying,"Advanced SQL Python or R cloud data tooling Tableau or Qlik causal inference and finance analytics align with the candidate; master's candidates are preferred and no explicit future-sponsorship exclusion was found",Yes,
2026-10-06,Amgen,Grad Intern - Operations - Engineering (Summer 2027),Operations Research / Optimization,Intern,"Remote or New Albany, OH / Holly Springs, NC / South San Francisco, CA / Thousand Oaks, CA","Remote or site-based depending on team",Official company careers,https://amgen.wd1.myworkdayjobs.com/en-US/Careers/job/Grad-Intern---Operations---Engineering--Summer-2027-_R-255349,"Not stated - verified live 2026-10-06",High,Pending,my-materials/Data/CV_Yuankai_Tao_Data.pdf,,,Target the digital data and AI track; verify CPT and sponsorship before applying,"The relevant track explicitly includes operations research analytics statistics Python SQL visualization and process modeling; graduate enrollment is required",Yes,
2026-10-06,Applied Materials,Summer 2027 Global Technical Learning Center Data Analyst Intern - Bachelor's/Master's,Business / Data Analytics,Intern,"Albany, NY",Onsite,Official company careers,https://amat.wd1.myworkdayjobs.com/en-US/External/job/Summer-2027-Global-Technical-Learning-Center-Data-Analyst-Intern--Bachelor-s-Master-s--Albany--NY-_R2627551,"Not stated - verified live 2026-10-06; rolling deadline 2026-11-30",High,Pending,my-materials/BA/CV_Yuankai_Tao_BA.pdf,,,Verify CPT and future sponsorship before applying,"Accepts master's students in analytics-related fields and emphasizes SQL Python Excel Power BI Tableau reporting and data quality; no explicit future-sponsorship exclusion was found",Yes,
2026-10-06,AtkinsRéalis,Data Scientist Intern - Summer 2027,Data Science / Data Engineering,Intern,"Tempe / Phoenix, AZ","Site-based; part-time schedule",Official company careers,https://careers.atkinsrealis.com/en/jobs/data-scientist-intern-summer-2027-r-161183,"Not stated - verified live 2026-10-06",Medium,Pending,my-materials/Data/CV_Yuankai_Tao_Data.pdf,,,Confirm CPT schedule compatibility and future sponsorship before applying,"Combines SQL Python Power BI reporting data integration and AI-enabled analytics; bachelor's or master's enrollment is accepted and sponsorship language was not present",Yes,
2026-10-06,Hy-Vee,Data Analytics Intern - Summer 2027,Business / Data Analytics,Intern,"West Des Moines, IA","In-person; part-time",Official company careers,https://hyvee.wd1.myworkdayjobs.com/en-US/HyVeeCareers/job/Data-Analytics-Intern---Summer-2027_R250146,"2026-09-30; deadline 2026-10-31",Medium,Pending,my-materials/BA/CV_Yuankai_Tao_BA.pdf,,,Confirm master's eligibility location CPT and future sponsorship before applying,"Graduate education is preferred and the role centers on SQL BigQuery R or Python Power BI or Data Studio dashboards and business-facing analysis",Yes,
2026-10-06,Intuit,"Summer 2027: Business Data Analyst Intern, Strategy & Planning",Business / Data Analytics,Intern,"Mountain View, CA","Hybrid; three days per week in office",Official company careers,https://jobs.intuit.com/job/mountain-view/summer-2027-business-data-analyst-intern-strategy-and-planning/27595/101410847360,"Not stated - verified live 2026-10-06",Medium,Pending,my-materials/BA/CV_Yuankai_Tao_BA.pdf,,,Verify CPT and future sponsorship before applying,"Accepts master's students and combines SQL dashboards predictive modeling strategic analysis and cross-functional communication; Dec 2027 appears compatible with the graduation timing",Yes,
2026-10-06,Quest Analytics,2027 Summer Internship Program - Data Science Track,Data Science / Data Engineering,Intern,"Overland Park / Kansas City area","Confirm with recruiter",Official company careers,https://jobs.lever.co/questanalytics/614edbbf-410b-4100-8ef9-e1af7ddddfd5,"Not stated - verified live 2026-10-06",Medium,Pending,my-materials/Data/CV_Yuankai_Tao_Data.pdf,,,Confirm graduate eligibility CPT and future sponsorship before applying,"The data-science track emphasizes Python SQL statistical analysis and healthcare-network analytics; other languages are mentioned only for separate technical tracks",Unknown,
